<?xml version="1.0" encoding="UTF-8"?>
<configuration packagingData="true" debug="true">	
	
	<appender name="archivoRolling" class="ch.qos.logback.core.rolling.RollingFileAppender">
	
		<file>./Logs/logSLA.log</file>			
			
    		<rollingPolicy class="ch.qos.logback.core.rolling.FixedWindowRollingPolicy">
			<fileNamePattern>./Logs/logSLA-%i.log.zip</fileNamePattern>
			<minIndex>1</minIndex>
			<maxIndex>3</maxIndex>
		</rollingPolicy>

		<triggeringPolicy class="ch.qos.logback.core.rolling.SizeBasedTriggeringPolicy">
			<maxFileSize>50KB</maxFileSize>
		</triggeringPolicy>	
		
		<encoder>
			<pattern>[%date{HH:mm:ss}] - %level - %logger{0} - %caller{1} - [%thread] - %msg%n%n</pattern>
		</encoder>
		
	</appender>

	
	<root level="INFO">
		<appender-ref ref="archivoRolling"/>
	</root>
	
	
</configuration>
